"iPhone 11 Apple 128GB Preto Tela de 6,1”, Câmera Dupla de",5120.90,https://www.shopturo.com/wp-content/uploads/2022/03/iPhone-11-Apple-64GB-Preto-Tela-de-61-Camera-Dupla-de-12MP-iOS-3-300x300.png
"iPhone 11 Apple 64GB branco, Tela de 6,1”, Câmera Dupla d",4390.00,https://www.shopturo.com/wp-content/uploads/2022/03/iPhone-11-Apple-64GB-branco-Tela-de-61-Camera-Dupla-de-12MP-iOS-3-300x300.png
"iPhone 11 Apple 64GB Preto, Tela de 6,1”, Câmera Dupla de",4390.00,https://www.shopturo.com/wp-content/uploads/2022/03/iPhone-11-Apple-64GB-Preto-Tela-de-61-Camera-Dupla-de-12MP-iOS-3-300x300.png
"iPhone 11 Apple 64GB PRODUCT(RED), Tela de 6,1”, Câmera D",4390.00,https://www.shopturo.com/wp-content/uploads/2022/03/iPhone-11-Apple-64GB-PRODUCTRED-Tela-de-61-Camera-Dupla-de-12MP-iOS-3-300x300.png
"iPhone 12 Apple 128GB Preto Tela de 6,1”, Câmera Dupla de",5589.00,https://www.shopturo.com/wp-content/uploads/2022/03/iPhone-12-Apple-64GB-Preto-Tela-de-61-Camera-Dupla-de-12MP-iOS-5-300x300.png
"iPhone 12 Apple 64GB Branco Tela de 6,1”, Câmera Dupla de",4658.37,https://www.shopturo.com/wp-content/uploads/2022/03/iPhone-12-Apple-64GB-Branco-Tela-de-61-Camera-Dupla-de-12MP-iOS-5-300x300.png
"iPhone 12 Apple 64GB Preto Tela de 6,1”, Câmera Dupla de ",4430.90,https://www.shopturo.com/wp-content/uploads/2022/03/iPhone-12-Apple-64GB-Preto-Tela-de-61-Camera-Dupla-de-12MP-iOS-5-300x300.png
"iPhone 13 Pro Max Apple (128GB) Azul-Sierra, Tela de 6,7R",8400.00,https://www.shopturo.com/wp-content/uploads/2022/04/azul-anuncio-300x300.jpeg
"iPhone 13 Pro Max Apple (128GB) Grafite, Tela de 6,7″,",8400.00,https://www.shopturo.com/wp-content/uploads/2022/04/roxo-anuncio-300x300.jpeg
"iPhone 13 Pro Max Apple (128GB) Prateado, Tela de 6,7″",8468.90,https://www.shopturo.com/wp-content/uploads/2022/04/iphone-13-branco-300x300.jpeg
"iPhone XR Apple 64GB Preto, Tela de 6.1”, Câmera de 12MP,",3690.00,https://www.shopturo.com/wp-content/uploads/2022/03/iPhone-XR-Apple-64GB-Preto-Tela-de-6.1-Camera-de-12MP-iOS-4-300x300.png
"Smartphone Samsung Galaxy A03 Core Preto 32GB, Câmera Trase",502.36,https://www.shopturo.com/wp-content/uploads/2022/03/Smartphone-Samsung-Galaxy-A03-Core-Preto-32GB-Camera-Traseira-8-MP-Tela-Infinita-de-6.5-Octa-Core-2GB-RAM-e-Android-5-300x300.png
"Smartphone Samsung Galaxy A03 Preto, 64GB, 4GB RAM, Tela Inf",805.00,https://www.shopturo.com/wp-content/uploads/2022/03/Smartphone-Samsung-Galaxy-A03-Preto-64GB-4GB-RAM-Tela-Infinita-de-6.5-Camera-Dupla-Traseira-Bateria-5000-mAh-e-Processador-Octa-Core-6-300x300.png
"Smartphone Samsung Galaxy A12 Branco 64GB, Tela Infinita de ",919.00,https://www.shopturo.com/wp-content/uploads/2022/03/Smartphone-Samsung-Galaxy-A12-Branco-64GB-Tela-Infinita-de-6.5-Camera-Quadrupla-Bateria-5000mAh-4GB-RAM-e-Processador-Exynos-850O-300x300.png
"Smartphone Samsung Galaxy A32 Branco 128GB, 4GB RAM, Tela In",1120.00,https://www.shopturo.com/wp-content/uploads/2022/03/Smartphone-Samsung-Galaxy-A32-Branco-128GB-4GB-RAM-Tela-Infinita-6.4-Camera-Traseira-Quadrupla-Bateria-de-5000mAh-Dual-Chip-e-Octa-Core-4-300x300.png
"Smartphone Samsung Galaxy S20 FE Cloud Navy 128GB, 6GB RAM, ",2990.00,https://www.shopturo.com/wp-content/uploads/2022/03/Smartphone-Samsung-Galaxy-S20-FE-Cloud-Navy-128GB-6GB-RAM-Tela-Infinita-de-6.5-Camera-Traseira-Tripla-Android-11-e-Processador-Octa-Core-5-300x300.png
Apple Watch Series 7 45mm Caixa Azul – Alumínio GPS P,2968.90,https://www.shopturo.com/wp-content/uploads/2022/03/apple-watch-azul-1-300x300.png
Apple Watch Series 7 45mm Caixa Meia-noite – Alumínio,2968.90,https://www.shopturo.com/wp-content/uploads/2022/03/apple-watch-preto-1-300x300.png
Apple Watch Series 7 45mm Red – Alumínio GPS Pulseira,2968.90,https://www.shopturo.com/wp-content/uploads/2022/03/apple-watch-vermelho-1-300x300.png
Apple Watch Series 7 45mm Rosa – Alumínio GPS Pulseir,2968.90,https://www.shopturo.com/wp-content/uploads/2022/03/apple-watch-rosa-1-300x300.png
Caixa de Som JBL BOOMBOX 2 Bluetooth Portátil 80W – �,2350.00,https://www.shopturo.com/wp-content/uploads/2022/03/boombox-1-300x300.png
Caixa de Som SoundBar Bluetooth Premium – GT,119.36,https://www.shopturo.com/wp-content/uploads/2022/03/caixa-de-som-1-300x300.png
Computador All in One LG 21.5” FULL HD Windows 10 Home,2102.90,https://www.shopturo.com/wp-content/uploads/2022/03/notebook-2-300x300.png
Impressora canon maxify gx6010 tanque de tinta multifunciona,4158.72,https://www.shopturo.com/wp-content/uploads/2022/03/impressora-5-300x300.png
Impressora Multifuncional Canon Tanque de tinta Maxx G3111 2,890.90,https://www.shopturo.com/wp-content/uploads/2022/03/impressora-3-1-300x300.png
Impressora Multifuncional HP Deskjet Ink Advantage – 2,310.88,https://www.shopturo.com/wp-content/uploads/2022/03/impressora-6-300x300.png
Impressora Multifuncional HP Deskjet Ink Advantage 2774 Colo,413.00,https://www.shopturo.com/wp-content/uploads/2022/03/impressora_1-removebg-preview-300x300.png
Impressora Multifuncional HP Deskjet Ink Advantage 2774 Colo,412.90,https://www.shopturo.com/wp-content/uploads/2022/03/impressora-3-3-300x300.png
Multifuncional Canon Tanque De Tinta Maxx G3111 Wi-fi Bivolt,1150.00,https://www.shopturo.com/wp-content/uploads/2022/03/impressora_1-removebg-preview-1-300x300.png
Notebook Dell Inspiron i3501-M10P 15.6” HD 11ª Geração ,2890.90,https://www.shopturo.com/wp-content/uploads/2022/03/note-1-300x300.png
Notebook Gamer Acer Nitro 5 AN515-54-58CL Intel – Core,4918.90,https://www.shopturo.com/wp-content/uploads/2022/03/nitro-acer-1-300x300.png
Notebook Samsung Book Intel Core i3 4GB – 256GB SSD 15,2712.47,https://www.shopturo.com/wp-content/uploads/2022/03/notebook-4-300x300.png
Pen Drive 32gb Multilaser – Pendrive – 10 Anos d,23.19,https://www.shopturo.com/wp-content/uploads/2022/03/pen-3-300x300.png
Roteador TP-LINK 300MBPS Wireless TL-WR840N W,92.07,https://www.shopturo.com/wp-content/uploads/2022/03/roteador-3-300x300.png
Roteador TP-Link Wireless Dual Band AC 1350 – Archer C,219.90,https://www.shopturo.com/wp-content/uploads/2022/03/roteador-2-1-300x300.png
Roteador Wi-Fi Mercusys MW301R – 2 Antenas 2 Portas,82.14,https://www.shopturo.com/wp-content/uploads/2022/03/roteador-1-2-300x300.png
Roteador Wireless Tp-link Archer C20 733mbps – 3 Anten,190.90,https://www.shopturo.com/wp-content/uploads/2022/03/roteador-1-3-300x300.png
Roteador Wireless Tp-link TL-WR940N 450mbps – 3 Antena,134.99,https://www.shopturo.com/wp-content/uploads/2022/03/roteador-3-4-300x300.png
Batedeira Britânia Perola Maxx 2 PR 350W – Preta,128.82,https://www.shopturo.com/wp-content/uploads/2022/03/Batedeira-Britania-Perola-Maxx-2-PR-350W-Preta-3-300x300.png
Batedeira Mondial Prática B-44-W com 3 Velocidades e 400W �,99.90,https://www.shopturo.com/wp-content/uploads/2022/03/Batedeira-Mondial-Pratica-B-44-W-com-3-Velocidades-e-400W-–-Branca-2-300x300.png
Batedeira Mondial Prática Black B-44 com 3 Velocidades – ,101.99,https://www.shopturo.com/wp-content/uploads/2022/03/Batedeira-Mondial-Pratica-Black-B-44-com-3-Velocidades-–-Preta-2-300x300.png
Batedeira Philco Paris Inox 350W – Branca,109.90,https://www.shopturo.com/wp-content/uploads/2022/03/Batedeira-Philco-Paris-Inox-350W-Branca-4-300x300.png
Batedeira Philco Paris VM com 4 Velocidades – Vermelha,119.00,https://www.shopturo.com/wp-content/uploads/2022/03/Batedeira-Philco-Paris-VM-com-4-Velocidades-–-Vermelha-1-300x300.png
Batedeira Planetária Arno Daily SX88 com 8 Velocidades e 60,349.90,https://www.shopturo.com/wp-content/uploads/2022/03/Batedeira-Planetaria-Arno-Daily-SX88-com-8-Velocidades-e-600W-Branca-5-300x300.png
Batedeira Planetária Arno Deluxe SX-31 com 2 Tigelas e 8 Ve,409.90,https://www.shopturo.com/wp-content/uploads/2022/03/Batedeira-Planetaria-Arno-Deluxe-SX-31-com-2-Tigelas-e-8-Velocidades-Preta-7-300x300.png
Batedeira Planetária Arno Deluxe SX32 com 2 Tigelas e 8 Vel,409.90,https://www.shopturo.com/wp-content/uploads/2022/03/Batedeira-Planetaria-Arno-Deluxe-SX32-com-2-Tigelas-e-8-Velocidades-–-Vermelha-7-300x300.png
Batedeira Planetária Arno Deluxe SX71 com 8 Velocidades e 6,526.37,https://www.shopturo.com/wp-content/uploads/2022/03/Batedeira-Planetaria-Arno-Deluxe-SX71-com-8-Velocidades-e-600W-–-Preta-7-300x300.png
Batedeira Planetária Philco PBP800AM Turbo Inox 12 velocida,519.90,https://www.shopturo.com/wp-content/uploads/2022/03/Batedeira-Planetaria-Philco-PBP800AM-Turbo-Inox-12-velocidades-e-800W-127V-3-300x300.png
Chapinha/Prancha de Cabelo Profissional Mondial – Tita,112.49,https://www.shopturo.com/wp-content/uploads/2022/03/chapinha-3-300x296.png
Cooktop 4 bocas de indução vitrocerâmico – TRONOS,1219.00,https://www.shopturo.com/wp-content/uploads/2022/03/Cooktop-4-bocas-de-inducao-vitroceramico-TRONOS-3-300x300.png
Cooktop 4 Bocas Mondial a Gás GLP Preto,349.00,https://www.shopturo.com/wp-content/uploads/2022/03/Cooktop-4-Bocas-Mondial-a-Gas-GLP-Preto-3-300x300.png
Cooktop 5 bocas Brastemp com grades piatina e acendimento au,510.00,https://www.shopturo.com/wp-content/uploads/2022/03/Cooktop-5-bocas-Brastemp-com-grades-piatina-e-acendimento-automatico-BDD75AE-BIVOLT-5-300x300.png
Cooktop 5 Bocas Mondial a Gás GLP Preto,399.00,https://www.shopturo.com/wp-content/uploads/2022/03/Cooktop-5-Bocas-Mondial-a-Gas-GLP-Preto-3-300x300.png
Cooktop 5 Bocas Philco Cook Chef 5 TC à Gás – GLP Pr,549.00,https://www.shopturo.com/wp-content/uploads/2022/03/Cooktop-5-Bocas-Philco-Cook-Chef-5-TC-a-Gas-GLP-Preto-Tripla-chama-Cook-Chef-5-TC-6-300x300.png
Cooktop de Indução Britânia 4 Bocas Concept Preto BCT04P ,1145.00,https://www.shopturo.com/wp-content/uploads/2022/03/Cooktop-de-Inducao-Britania-4-Bocas-Concept-Preto-BCT04P-220-Volts-300x300.png
Fogão 4 bocas Atlas Mônaco Plus Preto com Acendimento Auto,559.00,https://www.shopturo.com/wp-content/uploads/2022/03/FOGAO-GAS-4Q-MONACO-PLUS-PTO-20-2-300x300.png
Fogão 4 Bocas Atlas Mônaco Top Glass Acendimento Automáti,929.00,https://www.shopturo.com/wp-content/uploads/2022/03/Fogao-4-Bocas-Atlas-Monaco-Top-Glass-Acendimento-Automatico-2-300x300.png
Fogão 4 bocas Dako Supreme Timer Glass Titanium com mesa de,1119.80,https://www.shopturo.com/wp-content/uploads/2022/03/Fogao-4-bocas-Dako-Supreme-Timer-Glass-Titanium-com-mesa-de-vidro-Bivolt-1-300x300.png
Fogão 4 Bocas Fenix com Mesa de Vidro Acendimento Automáti,639.00,https://www.shopturo.com/wp-content/uploads/2022/03/Fogao-4-Bocas-Fenix-com-Mesa-de-Vidro-Acendimento-Automatico-Glass-3-300x300.png
Fogão 4 Bocas Mesa de Inox Sírius com Acendimento Manual B,439.00,https://www.shopturo.com/wp-content/uploads/2022/03/Fogao-4-Bocas-Mesa-de-Inox-Sirius-com-Acendimento-Manual-Braslar-3-300x300.png
Fogão 5 Bocas Piacere Vetro Mueller Acendimento Automático,1407.90,https://www.shopturo.com/wp-content/uploads/2022/03/Fogao-5-Bocas-Piacere-Vetro-Mueller-Acendimento-Automatico-Bivolt-com-Tripla-Chama-Preto-Fosco-3-300x300.png
Fogão A Gás 4 Bocas Dako Supreme Glass Branco Automático ,985.90,https://www.shopturo.com/wp-content/uploads/2022/03/Fogao-A-Gas-4-Bocas-Dako-Supreme-Glass-Branco-Automatico-Bivolt-3-300x300.png
Fogão A Gás Mesa Clarice Junior 4 Bocas Manual Preto,167.00,https://www.shopturo.com/wp-content/uploads/2022/03/Fogao-A-Gas-Mesa-Clarice-Junior-4-Bocas-Manual-Preto-300x300.png
Fogão Atlas 4 Bocas Mônaco Top Glass com Mesa de Vidro Tem,899.00,https://www.shopturo.com/wp-content/uploads/2022/03/Fogao-Atlas-4-Bocas-Monaco-Top-Glass-com-Mesa-de-Vidro-Temperado-Bivolt-Branco-4-300x300.png
Fogão Cooktop de Indução Philco 4 bocas Vitrocerâmico PC,1393.00,https://www.shopturo.com/wp-content/uploads/2022/03/Fogao-Cooktop-de-Inducao-Philco-4-bocas-Vitroceramico-PCT04P-Preto-220v-2-300x300.png
Fogão de Mesa 4 Bocas a Gas Asiatico Jr,149.00,https://www.shopturo.com/wp-content/uploads/2022/03/Fogao-de-Mesa-4-Bocas-a-Gas-Asiatico-Jr.-300x300.png
Fogão de Mesa Cooktop de Indução 4 Zonas de Aquecimento S,1320.00,https://www.shopturo.com/wp-content/uploads/2022/03/Fogao-de-Mesa-Cooktop-de-Inducao-4-Zonas-de-Aquecimento-Suggar-6-300x300.png
Fogão Electrolux 4 Bocas 52LBR com Timer Digital Bivolt –,1019.77,https://www.shopturo.com/wp-content/uploads/2022/03/Fogao-Electrolux-4-Bocas-52LBR-com-Timer-Digital-Bivolt-–-Branco-7-300x300.png
Fogão Electrolux 4 Bocas Automático com Mesa de Vidro e Po,1190.90,https://www.shopturo.com/wp-content/uploads/2022/03/Fogao-Electrolux-4-Bocas-Automatico-com-Mesa-de-Vidro-e-Porta-Full-Glass-Inox-52LSV-1-300x300.png
Fogão Elétrico de Mesa 127V FM01 Cinza AGRATTO,149.90,https://www.shopturo.com/wp-content/uploads/2022/03/Fogao-Eletrico-de-Mesa-127V-FM01-Cinza-AGRATTO-300x300.png
Guarda Roupa Casal com Espelho 3 Portas 2 Gavetas Istambul E,706.90,https://www.shopturo.com/wp-content/uploads/2022/03/guarda-1-1-300x300.png
Guarda Roupa Casal Espelho 6 Portas 2 Gavetas Real Atualle,502.90,https://www.shopturo.com/wp-content/uploads/2022/03/guarda-2-1-300x300.png
Guarda-roupa Casal 8 Portas 4 Gavetas – Araplac Porto,1120.08,https://www.shopturo.com/wp-content/uploads/2022/03/guarda-1-3-300x300.png
Guarda-roupa Casal com Espelho 3 Portas – de Correr 3 ,510.67,https://www.shopturo.com/wp-content/uploads/2022/03/guarda-1-4-300x300.png
Guarda-roupa Casal com Espelho 4 Portas 4 Gavetas – Ar,519.90,https://www.shopturo.com/wp-content/uploads/2022/03/guarda-1-5-300x300.png
Sofá 4 Lugares Net Jobim Assento Retrátil e Reclinável Ci,1390.00,https://www.shopturo.com/wp-content/uploads/2022/03/sofa_1-removebg-preview-1-300x300.png
Sofá Retrátil Reclinável 4 Lugares Velosuede,1234.00,https://www.shopturo.com/wp-content/uploads/2022/03/sofa_16-removebg-preview-300x300.png
Conjunto de Panelas 10 Peças Tramontina Turim com Revestime,213.44,https://www.shopturo.com/wp-content/uploads/2022/03/Conjunto-de-Panelas-10-Pecas-Tramontina-Turim-com-Revestimento-Antiaderente-Starflon-T1-Tampas-de-Vidro-e-Cabos-de-Baquelite-Vermelho-15-300x300.png
Conjunto de Panelas 10 Peças Tramontina Turim com Revestime,209.00,https://www.shopturo.com/wp-content/uploads/2022/03/Conjunto-de-Panelas-10-Pecas-Tramontina-Turim-com-Revestimento-Antiaderente-Starflon-T1-Tampas-de-Vidro-e-Cabos-de-Baquelite-–-Bronze-Grafite-10-300x300.png
Conjunto de Panelas 6 Peças Tramontina Solar em Aço Inox c,523.00,https://www.shopturo.com/wp-content/uploads/2022/03/Conjunto-de-Panelas-6-Pecas-Tramontina-Solar-em-Aco-Inox-com-Fundo-Triplo-e-Tampa-com-Saida-de-Vapor-8-300x300.png
Conjunto de Talheres Inox 24 Peças 23799/052 Tramontina,49.99,https://www.shopturo.com/wp-content/uploads/2022/03/Conjunto-de-Talheres-Inox-24-Pecas-23799-052-Tramontina-2-300x300.png
Faqueiro Talheres Inox Tramontina Malibu 24 Peças 23798/046,39.90,https://www.shopturo.com/wp-content/uploads/2022/03/Faqueiro-Talheres-Inox-Tramontina-Malibu-24-Pecas-23798-046-2-300x300.png
JOGO DE PANELAS 7 PEÇAS CERAMIC LIFE MAGNOLIA SLIM VERMELHO,559.99,https://www.shopturo.com/wp-content/uploads/2022/03/Screenshot_1-removebg-preview-300x300.png
Panela Sauté Grand 24cm,285.00,https://www.shopturo.com/wp-content/uploads/2022/03/1-removebg-preview-1-300x300.png
Talheres em nylon para panela antiaderente 5pç Tramontina,38.45,https://www.shopturo.com/wp-content/uploads/2022/03/Talheres-em-nylon-para-panela-antiaderente-5pc-Tramontina-2-300x300.png
Triturador e Processador de Alimentos Manual Portatil,28.90,https://www.shopturo.com/wp-content/uploads/2022/03/Triturador-e-Processador-de-Alimentos-Manual-Portatil-3-300x300.png
Triturador Manual De Alimentos Home Flex Fxh-437,28.90,https://www.shopturo.com/wp-content/uploads/2022/03/Triturador-Manual-De-Alimentos-Home-Flex-Fxh-437-300x300.png
Triturador Picador Manual Alho Cebola Vinagrete Alimentos,23.90,https://www.shopturo.com/wp-content/uploads/2022/03/Triturador-Picador-Manual-Alho-Cebola-Vinagrete-Alimentos-300x300.png
Smart TV 32” HD LED TCL S615 VA 60Hz – Android Wi-Fi,1110.00,https://www.shopturo.com/wp-content/uploads/2022/03/tv_1-removebg-preview-300x300.png
Smart TV 50” Crystal 4K Samsung 50AU7700 – Wi-Fi Blu,2699.00,https://www.shopturo.com/wp-content/uploads/2022/03/tv_1-removebg-preview-1-300x300.png
Smart TV LED 32″ Samsung Business Tizen T4300 WiFi HDR,1259.80,https://www.shopturo.com/wp-content/uploads/2022/03/Screenshot_1-300x300.png
Smart TV LED PRO 43” Full HD LG 43LM 631 3 HDMI 2 USB ,1890.90,https://www.shopturo.com/wp-content/uploads/2022/03/tv-3-300x300.png
